{
  "project_info": {
    "project_number": "676346019700",
    "project_id": "ai-project-2-5ca61",
    "storage_bucket": "ai-project-2-5ca61.appspot.com"
  },
  "client": [
    {
      "client_info": {
        "mobilesdk_app_id": "1:676346019700:android:f7ae326fd141a1678db621",
        "android_client_info": {
          "package_name": "com.example.aiproject2"
        }
      },
      "oauth_client": [],
      "api_key": [
        {
          "current_key": "AIzaSyBkwZq-hu6K3inIjXNzMsvAp7SLAKbBamI"
        }
      ],
      "services": {
        "appinvite_service": {
          "other_platform_oauth_client": []
        }
      }
    }
  ],
  "configuration_version": "1"
}